code	datetime	media_type	product_type	like_count	comment_count	plays	carousel_n	likes_hidden	usertags	has_location
Dc31YMXxg8T	2026-09-04T16:41	2	clips	33	8	745	0	0	4	0
Dc1xoZtlc87	2026-09-03T21:27	8	carousel_container	3	4	0	4	1	0	1
Dc0ujSfPTs8	2026-09-03T11:42	2	clips	3	40	2010	0	1	4	1
DczWVYQPaQQ	2026-09-02T22:50	1	feed	3	0	0	0	1	0	1
DczJMdlvB7M	2026-09-02T20:57	2	clips	3	7	877	0	1	3	1
DcynSn3RFLL	2026-09-02T15:59	2	clips	3	40	1731	0	1	3	0
DcyJSK1v1WN	2026-09-02T11:38	2	clips	3	11	1489	0	1	5	1
DcvlD_8vI6c	2026-09-01T11:44	2	clips	3	8	941	0	1	5	1
DcqoLlHPtMO	2026-08-30T13:34	2	clips	3	14	1161	0	1	1	1
Dco2g6nld29	2026-08-29T20:59	8	carousel_container	3	4	0	2	1	0	1
DcmSgQiP6Xy	2026-08-28T21:12	2	clips	3	4	974	0	1	19	1
DckT2i2PHAs	2026-08-28T02:41	2	clips	3	4	1120	0	1	4	1
DcjWiHZFZ9k	2026-08-27T17:44	8	carousel_container	3	4	0	3	1	0	1
DchgmnXPRQK	2026-08-27T00:41	2	clips	3	38	3506	0	1	2	1
Dcgka0FlcV1	2026-08-26T15:47	8	carousel_container	3	6	0	3	1	0	1
DccIkL5PE_z	2026-08-24T22:32	2	clips	3	0	705	0	1	4	1
Dca-mU1vWjW	2026-08-24T11:42	2	clips	3	2	2137	0	1	3	1
DcaAD8rlR6r	2026-08-24T02:34	8	carousel_container	3	4	0	2	1	1	1
DcUzOI6lWPa	2026-08-22T02:06	8	carousel_container	3	2	0	5	1	0	1
DcUDdgApTbC	2026-08-21T19:11	2	clips	37	3	1520	0	0	1	0
DcQ0rajvcoC	2026-08-20T13:04	1	feed	3	5	0	0	1	1	1
DcKImPcvRqw	2026-08-17T22:43	2	clips	3	13	1319	0	1	2	1
DcGPcs_Pjrv	2026-08-16T10:29	2	clips	3	5	1875	0	1	3	1
DcFhtVwlQaX	2026-08-16T03:44	8	carousel_container	3	12	0	2	1	2	1
DcE_SY6FU1S	2026-08-15T22:43	8	carousel_container	3	2	0	3	1	3	1
DcCzW4JMurQ	2026-08-15T02:22	2	clips	3	0	888	0	1	2	1
DcBXvPgFVXh	2026-08-14T13:00	8	carousel_container	3	3	0	3	1	1	1
DcAZbdAv64T	2026-08-14T04:00	2	clips	3	2	1003	0	1	3	1
Db98lWYPchA	2026-08-13T05:07	2	clips	3	2	1945	0	1	2	1
Db9Yr-wv18Z	2026-08-12T23:53	2	clips	3	1	1297	0	1	3	0
Db8zSMQv3F3	2026-08-12T18:26	2	clips	3	0	630	0	1	2	1
Db6k9wBP9S4	2026-08-11T21:42	2	clips	3	2	1058	0	1	1	1
Db6E8x1PcEo	2026-08-11T17:02	2	clips	3	5	1197	0	1	1	0
Db1TcTAPTZl	2026-08-09T20:33	2	clips	3	0	1309	0	1	0	1
DbtIKWQPGX1	2026-08-06T16:20	2	clips	3	1	769	0	1	3	1
DbrGM7xlac5	2026-08-05T21:23	8	carousel_container	3	11	0	9	1	5	1
Dbp6kIjPv6E	2026-08-05T10:25	2	clips	3	1	1049	0	1	1	1
DbnuSB6PL-j	2026-08-04T14:00	2	clips	3	2	1681	0	1	3	1
Dbmzfo7Pe8_	2026-08-04T05:26	2	clips	3	14	1639	0	1	17	1
DbihZoaldUQ	2026-08-02T13:28	8	carousel_container	3	2	0	3	1	1	1
Dbg28L4vb5m	2026-08-01T22:00	2	clips	3	3	2136	0	1	2	1
Dbg0K7AlX8I	2026-08-01T21:33	8	carousel_container	3	2	0	2	1	2	1
Dberm90vtWP	2026-08-01T01:42	2	clips	3	5	1926	0	1	6	0
DbeHxIAPKUw	2026-07-31T20:28	2	clips	3	7	1519	0	1	3	1
DbdnS-1vaPT	2026-07-31T15:44	2	clips	3	9	1588	0	1	3	1
Dbb-0nRvb5M	2026-07-31T00:32	2	clips	3	2	1015	0	1	0	1
Dba7VXZPHCC	2026-07-30T14:41	2	clips	3	20	4668	0	1	1	1
DbZzi7nFfaj	2026-07-30T04:13	8	carousel_container	3	2	0	2	1	0	1
DbZF0OUPVNY	2026-07-29T21:36	2	clips	3	4	1737	0	1	1	0
DbYo-zNvaiD	2026-07-29T17:23	2	clips	3	2	1177	0	1	0	0
DbXKlAwla1F	2026-07-29T03:37	8	carousel_container	3	2	0	2	1	0	1
DbWhFLSvgJn	2026-07-28T21:38	2	clips	3	4	1591	0	1	5	1
DbV3TJxvuEO	2026-07-28T15:30	2	clips	3	2	972	0	1	0	1
DbUlWyWv_7_	2026-07-28T03:37	2	clips	3	0	1036	0	1	2	1
DbT7LJ7vdhq	2026-07-27T21:25	2	clips	3	1	961	0	1	1	1
DbTq2hJPjH7	2026-07-27T19:06	2	clips	3	7	1211	0	1	3	1
DbSCDB1lWPn	2026-07-27T03:46	8	carousel_container	3	0	0	6	1	0	1
DbQkMlevcMq	2026-07-26T14:09	2	clips	3	19	3989	0	1	1	1
DbPGcX7vwbp	2026-07-26T00:31	2	clips	3	0	1255	0	1	1	1
DbMLnBoPNh-	2026-07-24T21:16	2	clips	3	35	4550	0	1	1	1
DbMGXW3P4fD	2026-07-24T20:31	2	clips	3	4	840	0	1	3	1
DbL9l25vsmG	2026-07-24T19:13	1	feed	3	1	0	0	1	0	1
DbJ0A45vrub	2026-07-23T23:14	2	clips	3	0	957	0	1	5	1
DbJQRIVPaN8	2026-07-23T18:04	2	clips	3	0	1098	0	1	5	1
DbFv8XoPI6E	2026-07-22T09:19	2	clips	3	1	1209	0	1	4	1
DbE4PZOvxFv	2026-07-22T01:11	2	clips	3	0	1204	0	1	0	1
DbEFB5PFQJl	2026-07-21T17:43	8	carousel_container	3	2	0	2	1	1	1
DbB-vQKPbK5	2026-07-20T22:13	2	clips	3	2	1301	0	1	5	1
DbBir8IlUci	2026-07-20T18:04	8	carousel_container	3	1	0	2	1	2	1
Da85J0NPWFO	2026-07-18T22:50	2	clips	3	0	2389	0	1	0	1
Da6bdZuvd8H	2026-07-17T23:49	2	clips	3	3	5797	0	1	3	1
Da6ZSh-vpEq	2026-07-17T23:30	2	clips	3	4	1072	0	1	4	1
Da5lr6iv1Nr	2026-07-17T16:02	2	clips	3	0	1180	0	1	5	1
Da2_qcCvXzu	2026-07-16T15:48	2	clips	3	1	1307	0	1	4	1
Da2p2zJPB96	2026-07-16T12:37	2	clips	3	7	5734	0	1	3	1
Da2kK4Vvqv6	2026-07-16T11:47	1	feed	3	4	0	0	1	0	1
Da153cIvIIl	2026-07-16T05:37	1	feed	3	2	0	0	1	1	1
Da0hNJxP0nc	2026-07-15T16:42	2	clips	3	2	1635	0	1	4	1
DazLQ-TP47i	2026-07-15T04:11	2	clips	3	0	2098	0	1	0	1
DavtDSDpcdI	2026-07-13T19:49	2	clips	3	0	897	0	1	3	1
Datj6IcPOv6	2026-07-12T23:52	2	clips	3	9	2697	0	1	1	1
DatglSxvBJZ	2026-07-12T23:25	2	clips	3	4	3250	0	1	3	0
DatcHWZlWkL	2026-07-12T22:42	8	carousel_container	3	8	0	2	1	4	1
DatWT_pvUn3	2026-07-12T21:52	2	clips	3	3	2015	0	1	2	1
DarOxKvzTa5	2026-07-12T02:09	2	clips	3	1	994	0	1	1	1
DaqeMxzPT5H	2026-07-11T19:09	2	clips	3	4	1847	0	1	3	0
Dak6Yg3Pcbz	2026-07-09T15:14	2	clips	3	0	777	0	1	0	0
DajFvv8PSWy	2026-07-08T22:17	2	clips	3	2	1457	0	1	3	1
Dai_y9sFdgr	2026-07-08T21:22	8	carousel_container	3	2	0	3	1	0	0
DaivVJplVMx	2026-07-08T18:58	8	carousel_container	3	4	0	2	1	8	1
DabGcseTLZT	2026-07-05T19:47	2	clips	3	0	1284	0	1	0	0
DaZVKurvnCx	2026-07-05T03:22	2	clips	3	2	2442	0	1	3	1
DaXHlmrv-iQ	2026-07-04T06:40	2	clips	3	2	4202	0	1	0	1
DaQpDKHldqr	2026-07-01T18:17	8	carousel_container	3	2	0	2	1	3	0
DaMjStVFTAR	2026-06-30T04:10	8	carousel_container	3	1	0	2	1	0	1
DaI11W3kQKW	2026-06-28T17:35	8	carousel_container	3	0	0	3	1	2	1
DaGJHCCv4um	2026-06-27T16:27	2	clips	3	3	1315	0	1	1	0
DaEzQnMlcwH	2026-06-27T03:55	8	carousel_container	3	2	0	8	1	1	0
DaD7xH7P1oG	2026-06-26T19:51	2	clips	3	2	812	0	1	3	0
DaD7PzDvf2n	2026-06-26T19:48	1	feed	3	1	0	0	1	5	1
DaDuvx_Fah_	2026-06-26T17:57	8	carousel_container	3	5	0	6	1	4	1
DaBSxH9Pul0	2026-06-25T19:15	2	clips	3	2	1513	0	1	2	1
DZ_O-_uvyRT	2026-06-25T00:03	1	feed	3	1	0	0	1	0	1
DZ_ChNhgIhB	2026-06-24T22:15	2	clips	3	0	804	0	1	1	1
DZ8BEDvvOTA	2026-06-23T18:04	2	clips	3	3	2865	0	1	2	0
DZ7-S1wvuPi	2026-06-23T17:40	2	clips	3	2	1401	0	1	3	1
DZ5KrhsxAIx	2026-06-22T15:29	1	feed	3	1	0	0	1	15	1
DZ5FDsWFDu-	2026-06-22T14:40	2	clips	20	10	907	0	0	4	1
DZ43zwMRgkD	2026-06-22T12:48	2	clips	41	5	2147	0	0	5	1
DZ36pVCv5UF	2026-06-22T03:54	1	feed	3	1	0	0	1	0	0
DZ314CkNxr0	2026-06-22T03:10	2	clips	3	2	1972	0	1	7	1
DZ3zafNlUQA	2026-06-22T02:47	8	carousel_container	3	2	0	6	1	6	1
DZ24EvuhD_I	2026-06-21T18:14	2	clips	175	19	2915	0	0	4	1
DZ0uQvdAY4V	2026-06-20T22:07	2	clips	3	2	1626	0	1	3	1
DZ0Ho-iRVvV	2026-06-20T16:27	2	clips	3	1	1366	0	1	1	1
DZwLH4mvvak	2026-06-19T03:41	2	clips	3	0	1103	0	1	0	1
DZvgl2KAUBy	2026-06-18T21:29	2	clips	3	3	1169	0	1	3	1
DZtkmwJlVAD	2026-06-18T03:25	8	carousel_container	3	1	0	2	1	0	0
DZlXyzqPK57	2026-06-14T23:00	2	clips	3	2	2543	0	1	0	0
DZlWUfoFYwZ	2026-06-14T22:46	8	carousel_container	3	0	0	2	1	0	0
DZknTaaPyMJ	2026-06-14T15:59	2	clips	3	1	2905	0	1	0	0
DZjMjx4vtPP	2026-06-14T03:07	2	clips	3	6	2158	0	1	2	0
DZi8UdDtr8l	2026-06-14T00:21	1	feed	3	1	0	0	1	1	1
DZgTdv8vmuV	2026-06-12T23:50	2	clips	3	0	974	0	1	1	0
DZfBdq-x0B4	2026-06-12T11:50	2	clips	3	6	2364	0	1	2	0
DZbg6uEv_Hr	2026-06-11T03:08	1	feed	3	4	0	0	1	0	0
DZbR-Llv1ME	2026-06-11T00:57	2	clips	3	5	1952	0	1	20	0
DZanGuxpYbv	2026-06-10T18:45	2	clips	29	7	1153	0	0	3	1
DZZH5Chv0TH	2026-06-10T04:50	2	clips	3	0	1095	0	1	0	0
DZF0TX6SMcU	2026-06-02T16:56	2	clips	3	2	1391	0	1	0	0
DZE50maPwcz	2026-06-02T08:23	2	clips	3	10	2562	0	1	6	0
DZEdoqcPAvo	2026-06-02T04:16	1	feed	3	1	0	0	1	0	0
DZDTg-vPe89	2026-06-01T17:31	2	clips	3	9	3785	0	1	9	1
DZB-sd6PL9Q	2026-06-01T05:12	1	feed	3	0	0	0	1	1	1
DZB6Xmgv3oO	2026-06-01T04:29	2	clips	3	0	1631	0	1	0	0
DZBokw4vwCv	2026-06-01T01:59	2	clips	3	2	2399	0	1	0	1
DY7btygvdBZ	2026-05-29T16:08	2	clips	3	1	1850	0	1	2	1
DY7YectFcgz	2026-05-29T15:37	8	carousel_container	3	3	0	2	1	7	1
DY437yExjm0	2026-05-28T16:15	2	clips	3	6	3050	0	1	1	1
DY4iHkxv5wQ	2026-05-28T13:04	2	clips	3	1	1602	0	1	0	1
DY3m5L0vcl4	2026-05-28T04:34	1	feed	3	6	0	0	1	0	1
DY3c6NiP15W	2026-05-28T03:00	2	clips	3	2	1689	0	1	0	1
DY0t3-lPtK6	2026-05-27T01:30	1	feed	3	1	0	0	1	1	1
DYv1hnZvndP	2026-05-25T04:02	2	clips	3	1	2027	0	1	1	0
